{
  "category": {
    "0": {
      "precision": 1.0,
      "recall": 0.3333333333333333,
      "f1-score": 0.5,
      "support": 3.0
    },
    "1": {
      "precision": 1.0,
      "recall": 0.25,
      "f1-score": 0.4,
      "support": 4.0
    },
    "2": {
      "precision": 1.0,
      "recall": 0.3333333333333333,
      "f1-score": 0.5,
      "support": 3.0
    },
    "3": {
      "precision": 0.125,
      "recall": 1.0,
      "f1-score": 0.2222222222222222,
      "support": 1.0
    },
    "accuracy": 0.36363636363636365,
    "macro avg": {
      "precision": 0.78125,
      "recall": 0.47916666666666663,
      "f1-score": 0.40555555555555556,
      "support": 11.0
    },
    "weighted avg": {
      "precision": 0.9204545454545454,
      "recall": 0.36363636363636365,
      "f1-score": 0.4383838383838384,
      "support": 11.0
    }
  },
  "priority": {
    "0": {
      "precision": 1.0,
      "recall": 0.16666666666666666,
      "f1-score": 0.2857142857142857,
      "support": 6.0
    },
    "1": {
      "precision": 0.0,
      "recall": 0.0,
      "f1-score": 0.0,
      "support": 2.0
    },
    "2": {
      "precision": 0.3,
      "recall": 1.0,
      "f1-score": 0.4615384615384615,
      "support": 3.0
    },
    "accuracy": 0.36363636363636365,
    "macro avg": {
      "precision": 0.43333333333333335,
      "recall": 0.3888888888888889,
      "f1-score": 0.2490842490842491,
      "support": 11.0
    },
    "weighted avg": {
      "precision": 0.6272727272727273,
      "recall": 0.36363636363636365,
      "f1-score": 0.28171828171828167,
      "support": 11.0
    }
  }
}